{"cameraMode":{"drawMode":0,"name":"Shaded","section":"Shading Mode"},"sceneLighting":true,"audioPlay":false,"sceneViewState":{"showFog":true,"showMaterialUpdate":false,"showSkybox":true,"showFlares":true,"showImageEffects":true,"showParticleSystems":true},"in2DMode":false,"pivot":{"x":0.33527347445487978,"y":0.7248916625976563,"z":5.14612340927124},"rotation":{"x":-0.010640041902661324,"y":-0.9797282814979553,"z":-0.05412612482905388,"w":0.19259674847126008},"size":2.711601495742798,"orthographic":false}