{"cameraMode":{"drawMode":0,"name":"Shaded","section":"Shading Mode"},"sceneLighting":true,"audioPlay":false,"sceneViewState":{"showFog":true,"showMaterialUpdate":false,"showSkybox":true,"showFlares":true,"showImageEffects":true,"showParticleSystems":true},"in2DMode":false,"pivot":{"x":0.104183129966259,"y":-0.25177323818206789,"z":-0.2200527936220169},"rotation":{"x":-0.013086105696856976,"y":-0.9697451591491699,"z":0.23793812096118928,"w":-0.05326765403151512},"size":1.8515756130218506,"orthographic":false}